Unnamed: 0,Method,User-Agent,Pragma,Cache-Control,Accept,Accept-encoding,Accept-charset,language,host,cookie,content-type,connection,lenght,content,classification,URL
Normal,GET,Mozilla/5.0 (compatible; Konqueror/3.5; Linux) KHTML/3.5.8 (like Gecko),no-cache,no-cache,"text/xml,application/xml,application/xhtml+xml,text/html;q=0.9,text/plain;q=0.8,image/png,*/*;q=0.5","x-gzip, x-deflate, gzip, deflate","utf-8, utf-8;q=0.5, *;q=0.5",en,localhost:8080,JSESSIONID=1F767F17239C9B670A39E9B10C3825F4,,close,,,0,http://localhost:8080/tienda1/index.jsp HTTP/1.1
Normal,GET,Mozilla/5.0 (compatible; Konqueror/3.5; Linux) KHTML/3.5.8 (like Gecko),no-cache,no-cache,"text/xml,application/xml,application/xhtml+xml,text/html;q=0.9,text/plain;q=0.8,image/png,*/*;q=0.5","x-gzip, x-deflate, gzip, deflate","utf-8, utf-8;q=0.5, *;q=0.5",en,localhost:8080,JSESSIONID=81761ACA043B0E6014CA42A4BCD06AB5,,close,,,0,http://localhost:8080/tienda1/publico/anadir.jsp?id=3&nombre=Vino+Rioja&precio=100&cantidad=55&B1=A%F1adir+al+carrito HTTP/1.1
Normal,POST,Mozilla/5.0 (compatible; Konqueror/3.5; Linux) KHTML/3.5.8 (like Gecko),no-cache,no-cache,"text/xml,application/xml,application/xhtml+xml,text/html;q=0.9,text/plain;q=0.8,image/png,*/*;q=0.5","x-gzip, x-deflate, gzip, deflate","utf-8, utf-8;q=0.5, *;q=0.5",en,localhost:8080,JSESSIONID=933185092E0B668B90676E0A2B0767AF,application/x-www-form-urlencoded,Connection: close,Content-Length: 68,id=3&nombre=Vino+Rioja&precio=100&cantidad=55&B1=A%F1adir+al+carrito,0,http://localhost:8080/tienda1/publico/anadir.jsp HTTP/1.1
Normal,GET,Mozilla/5.0 (compatible; Konqueror/3.5; Linux) KHTML/3.5.8 (like Gecko),no-cache,no-cache,"text/xml,application/xml,application/xhtml+xml,text/html;q=0.9,text/plain;q=0.8,image/png,*/*;q=0.5","x-gzip, x-deflate, gzip, deflate","utf-8, utf-8;q=0.5, *;q=0.5",en,localhost:8080,JSESSIONID=8FA18BA82C5336D03D3A8AFA3E68CBB0,,close,,,0,http://localhost:8080/tienda1/publico/autenticar.jsp?modo=entrar&login=choong&pwd=d1se3ci%F3n&remember=off&B1=Entrar HTTP/1.1
Normal,POST,Mozilla/5.0 (compatible; Konqueror/3.5; Linux) KHTML/3.5.8 (like Gecko),no-cache,no-cache,"text/xml,application/xml,application/xhtml+xml,text/html;q=0.9,text/plain;q=0.8,image/png,*/*;q=0.5","x-gzip, x-deflate, gzip, deflate","utf-8, utf-8;q=0.5, *;q=0.5",en,localhost:8080,JSESSIONID=7104E6C68A6BCF1423DAE990CE49FEE2,application/x-www-form-urlencoded,Connection: close,Content-Length: 63,modo=entrar&login=choong&pwd=d1se3ci%F3n&remember=off&B1=Entrar,0,http://localhost:8080/tienda1/publico/autenticar.jsp HTTP/1.1
Normal,GET,Mozilla/5.0 (compatible; Konqueror/3.5; Linux) KHTML/3.5.8 (like Gecko),no-cache,no-cache,"text/xml,application/xml,application/xhtml+xml,text/html;q=0.9,text/plain;q=0.8,image/png,*/*;q=0.5","x-gzip, x-deflate, gzip, deflate","utf-8, utf-8;q=0.5, *;q=0.5",en,localhost:8080,JSESSIONID=5254A7A7C7F0E74D699E6A9C9487795A,,close,,,0,http://localhost:8080/tienda1/publico/caracteristicas.jsp?id=2 HTTP/1.1
Normal,POST,Mozilla/5.0 (compatible; Konqueror/3.5; Linux) KHTML/3.5.8 (like Gecko),no-cache,no-cache,"text/xml,application/xml,application/xhtml+xml,text/html;q=0.9,text/plain;q=0.8,image/png,*/*;q=0.5","x-gzip, x-deflate, gzip, deflate","utf-8, utf-8;q=0.5, *;q=0.5",en,localhost:8080,JSESSIONID=417DBC69B2F909CCD574CFC69F56779F,application/x-www-form-urlencoded,Connection: close,Content-Length: 4,id=2,0,http://localhost:8080/tienda1/publico/caracteristicas.jsp HTTP/1.1
Normal,GET,Mozilla/5.0 (compatible; Konqueror/3.5; Linux) KHTML/3.5.8 (like Gecko),no-cache,no-cache,"text/xml,application/xml,application/xhtml+xml,text/html;q=0.9,text/plain;q=0.8,image/png,*/*;q=0.5","x-gzip, x-deflate, gzip, deflate","utf-8, utf-8;q=0.5, *;q=0.5",en,localhost:8080,JSESSIONID=42B53DB3F82E67BBB24E57E9CDC8E008,,close,,,0,http://localhost:8080/tienda1/publico/carrito.jsp HTTP/1.1
Normal,GET,Mozilla/5.0 (compatible; Konqueror/3.5; Linux) KHTML/3.5.8 (like Gecko),no-cache,no-cache,"text/xml,application/xml,application/xhtml+xml,text/html;q=0.9,text/plain;q=0.8,image/png,*/*;q=0.5","x-gzip, x-deflate, gzip, deflate","utf-8, utf-8;q=0.5, *;q=0.5",en,localhost:8080,JSESSIONID=A651CE9798E1B71FCA9D9B2159432A22,,close,,,0,http://localhost:8080/tienda1/publico/entrar.jsp?errorMsg=Credenciales+incorrectas HTTP/1.1
Normal,POST,Mozilla/5.0 (compatible; Konqueror/3.5; Linux) KHTML/3.5.8 (like Gecko),no-cache,no-cache,"text/xml,application/xml,application/xhtml+xml,text/html;q=0.9,text/plain;q=0.8,image/png,*/*;q=0.5","x-gzip, x-deflate, gzip, deflate","utf-8, utf-8;q=0.5, *;q=0.5",en,localhost:8080,JSESSIONID=EE6A06EE8174FC2B05432AA5A0FCE998,application/x-www-form-urlencoded,Connection: close,Content-Length: 33,errorMsg=Credenciales+incorrectas,0,http://localhost:8080/tienda1/publico/entrar.jsp HTTP/1.1
Anomalous,PUT,Mozilla/5.0 (compatible; Konqueror/3.5; Linux) KHTML/3.5.8 (like Gecko),no-cache,no-cache,,"x-gzip, x-deflate, gzip, deflate","utf-8, utf-8;q=0.5, *;q=0.5",en,localhost:9090,JSESSIONID=B5485F4E67A35AF3174AF2A589FE5867,application/x-www-form-urlencoded,Connection: close,Content-Length: 254,modo=registro&login=beaumont&password=quEratItiS&nombre=Odilia&apellidos=Stumptner&email=henried%40cbgerindote.asia&dni=66631393W&direccion=C%2F+Xoana+Nogueira%2C+25+5%3FC&ciudad=Barrios%2C+Los&cp=46135&provincia=%C1vila&ntc=2498947451884473&B1=Registrar,1,http://localhost:8080/tienda1/miembros/editar.jsp HTTP/1.1
Anomalous,GET,Mozilla/5.0 (compatible; Konqueror/3.5; Linux) KHTML/3.5.8 (like Gecko),no-cache,no-cache,"text/xml,application/xml,application/xhtml+xml,text/html;q=0.9,text/plain;q=0.8,image/png,*/*;q=0.5","x-gzip, x-deflate, gzip, deflate","utf-8, utf-8;q=0.5, *;q=0.5",en,localhost:8080,JSESSIONID=59A0E36F2A3B295133F3DA19BC2F6CDB,,close,,,1,http://localhost:8080/tienda1/miembros/editar.jsp?modo=registro&login=beaumont&password=quEratItiS&nombre=Odilia&apellidos=Stumptner&email=henried%40cbgerindote.asia&dni=66631393W&direccion=C%2F+Xoana+Nogueira%2C+25+5%3FC&ciudad=Barrios%2C+Los&cp=46135&provincia=%C1vilaany%253F%250D%250ASet-cookie%253A%2BTamper%253D1041264011025374727&ntc=2498947451884473&B1=Registrar HTTP/1.1
Anomalous,POST,Mozilla/5.0 (compatible; Konqueror/3.5; Linux) KHTML/3.5.8 (like Gecko),no-cache,no-cache,"text/xml,application/xml,application/xhtml+xml,text/html;q=0.9,text/plain;q=0.8,image/png,*/*;q=0.5","x-gzip, x-deflate, gzip, deflate","utf-8, utf-8;q=0.5, *;q=0.5",en,localhost:8080,JSESSIONID=80BFEC94C1AD16AF6AB6C5497B91E1AF,application/x-www-form-urlencoded,Connection: close,Content-Length: 320,modo=registro&login=beaumont&password=quEratItiS&nombre=Odilia&apellidos=Stumptner&email=henried%40cbgerindote.asia&dni=66631393W&direccion=C%2F+Xoana+Nogueira%2C+25+5%3FC&ciudad=Barrios%2C+Los&cp=46135&provincia=%C1vilaany%253F%250D%250ASet-cookie%253A%2BTamper%253D1041264011025374727&ntc=2498947451884473&B1=Registrar,1,http://localhost:8080/tienda1/miembros/editar.jsp HTTP/1.1
Anomalous,GET,Mozilla/5.0 (compatible; Konqueror/3.5; Linux) KHTML/3.5.8 (like Gecko),no-cache,no-cache,"text/xml,application/xml,application/xhtml+xml,text/html;q=0.9,text/plain;q=0.8,image/png,*/*;q=0.5","x-gzip, x-deflate, gzip, deflate","utf-8, utf-8;q=0.5, *;q=0.5",en,localhost:8080,JSESSIONID=ADDFCCAEBB73BBEFC74AA3B01D4693D9,,close,,,1,http://localhost:8080/tienda1/miembros/editar.jsp?modo=registro&login=%2Bmel%2Fhem&password=quEratItiS&nombre=Odilia&apellidos=Stumptner&email=henried%40cbgerindote.asia&dni=66631393W&direccion=C%2F+Xoana+Nogueira%2C+25+5%3FC&ciudad=Barrios%2C+Los&cp=46135&provincia=%C1vila&ntc=2498947451884473&B1=Registrar HTTP/1.1
Anomalous,POST,Mozilla/5.0 (compatible; Konqueror/3.5; Linux) KHTML/3.5.8 (like Gecko),no-cache,no-cache,"text/xml,application/xml,application/xhtml+xml,text/html;q=0.9,text/plain;q=0.8,image/png,*/*;q=0.5","x-gzip, x-deflate, gzip, deflate","utf-8, utf-8;q=0.5, *;q=0.5",en,localhost:8080,JSESSIONID=FF1E81BBBDE5DB7E90A3EAF067A22F89,application/x-www-form-urlencoded,Connection: close,Content-Length: 258,modo=registro&login=%2Bmel%2Fhem&password=quEratItiS&nombre=Odilia&apellidos=Stumptner&email=henried%40cbgerindote.asia&dni=66631393W&direccion=C%2F+Xoana+Nogueira%2C+25+5%3FC&ciudad=Barrios%2C+Los&cp=46135&provincia=%C1vila&ntc=2498947451884473&B1=Registrar,1,http://localhost:8080/tienda1/miembros/editar.jsp HTTP/1.1
Anomalous,GET,Mozilla/5.0 (compatible; Konqueror/3.5; Linux) KHTML/3.5.8 (like Gecko),no-cache,no-cache,"text/xml,application/xml,application/xhtml+xml,text/html;q=0.9,text/plain;q=0.8,image/png,*/*;q=0.5","x-gzip, x-deflate, gzip, deflate","utf-8, utf-8;q=0.5, *;q=0.5",en,localhost:8080,JSESSIONID=62216ADBBD9B91E17CA9AFEDCCC36275,,close,,,1,http://localhost:8080/tienda1/miembros/editar.jsp?modo=registro&login=beaumont&password=quEratItiS&nombre=Odilia&apellidos=Stumptner&email=henried%40cbgerindote.asia&dniA=66631393W&direccion=C%2F+Xoana+Nogueira%2C+25+5%3FC&ciudad=Barrios%2C+Los&cp=46135&provincia=%C1vila&ntc=2498947451884473&B1=Registrar HTTP/1.1
Anomalous,POST,Mozilla/5.0 (compatible; Konqueror/3.5; Linux) KHTML/3.5.8 (like Gecko),no-cache,no-cache,"text/xml,application/xml,application/xhtml+xml,text/html;q=0.9,text/plain;q=0.8,image/png,*/*;q=0.5","x-gzip, x-deflate, gzip, deflate","utf-8, utf-8;q=0.5, *;q=0.5",en,localhost:8080,JSESSIONID=2317F5C0B1B7FAD18EB425E98DB102A3,application/x-www-form-urlencoded,Connection: close,Content-Length: 255,modo=registro&login=beaumont&password=quEratItiS&nombre=Odilia&apellidos=Stumptner&email=henried%40cbgerindote.asia&dniA=66631393W&direccion=C%2F+Xoana+Nogueira%2C+25+5%3FC&ciudad=Barrios%2C+Los&cp=46135&provincia=%C1vila&ntc=2498947451884473&B1=Registrar,1,http://localhost:8080/tienda1/miembros/editar.jsp HTTP/1.1
Anomalous,GET,Mozilla/5.0 (compatible; Konqueror/3.5; Linux) KHTML/3.5.8 (like Gecko),no-cache,no-cache,"text/xml,application/xml,application/xhtml+xml,text/html;q=0.9,text/plain;q=0.8,image/png,*/*;q=0.5","x-gzip, x-deflate, gzip, deflate","utf-8, utf-8;q=0.5, *;q=0.5",en,localhost:8080,JSESSIONID=7F0BA54A88B849EF752006D388E15CDD,,close,,,1,http://localhost:8080/tienda1/miembros/editar.jsp.bak HTTP/1.1
Anomalous,GET,Mozilla/5.0 (compatible; Konqueror/3.5; Linux) KHTML/3.5.8 (like Gecko),no-cache,no-cache,"text/xml,application/xml,application/xhtml+xml,text/html;q=0.9,text/plain;q=0.8,image/png,*/*;q=0.5","x-gzip, x-deflate, gzip, deflate","utf-8, utf-8;q=0.5, *;q=0.5",en,localhost:8080,JSESSIONID=FB018FFB06011CFABD60D8E8AD58CA21,,close,,,1,http://localhost:8080/tienda1/imagenes/3.gif/ HTTP/1.1
Anomalous,GET,Mozilla/5.0 (compatible; Konqueror/3.5; Linux) KHTML/3.5.8 (like Gecko),no-cache,no-cache,"text/xml,application/xml,application/xhtml+xml,text/html;q=0.9,text/plain;q=0.8,image/png,*/*;q=0.5","x-gzip, x-deflate, gzip, deflate","utf-8, utf-8;q=0.5, *;q=0.5",en,localhost:8080,JSESSIONID=3CC12010CDA952F123240EBAD79B55CC,,close,,,1,http://localhost:8080/tienda1/imagenes/nuestratierra.jpg.BAK HTTP/1.1
